Essay Word Limit,Prompt Length,Keyword Complexity,Initial Prompt Complexity,Time Taken
2250,164,0.89,17.181818181818183,12
1750,138,1.0,17.333333333333332,15
1500,84,0.78,21.0,10
2200,688,0.79,37.857142857142854,20
1250,279,0.8,32.2,14
